name,description
Edu World,Culinary experiences and catering
Finance Group,Healthcare services provider
Health Solutions,Logistics and transportation services
Finance Group,Leading technology advancements
Logi Transport,Educational services and solutions
Foodies,Culinary experiences and catering
Health Solutions,Educational services and solutions
Finance Group,Logistics and transportation services
Eco Services,Environmental consultancy
Tech Innovations,International trading solutions
Health Solutions,Educational services and solutions
Retail Hub,International trading solutions
Edu World,Environmental consultancy
Eco Services,International trading solutions
Retail Hub,Financial planning and services
Eco Services,Financial planning and services
Logi Transport,Healthcare services provider
Eco Services,Environmental consultancy
Retail Hub,Educational services and solutions
Eco Services,Educational services and solutions
Tech Innovations,International trading solutions
Tech Innovations,Leading technology advancements
Finance Group,Environmental consultancy
Retail Hub,International trading solutions
Foodies,Healthcare services provider
Tech Innovations,Leading technology advancements
Finance Group,Financial planning and services
Edu World,Culinary experiences and catering
Retail Hub,Leading technology advancements
Global Trade,Culinary experiences and catering
Eco Services,Retail solutions for everyday needs
Retail Hub,Financial planning and services
Tech Innovations,Culinary experiences and catering
Edu World,Retail solutions for everyday needs
Edu World,Healthcare services provider
Green Energy,Retail solutions for everyday needs
Health Solutions,Renewable energy solutions
Logi Transport,International trading solutions
Health Solutions,Healthcare services provider
Edu World,Logistics and transportation services
Foodies,Financial planning and services
Edu World,Educational services and solutions
Green Energy,Leading technology advancements
Green Energy,Healthcare services provider
Finance Group,Healthcare services provider
Green Energy,Leading technology advancements
Global Trade,Renewable energy solutions
Global Trade,Retail solutions for everyday needs
Global Trade,Logistics and transportation services
Logi Transport,Renewable energy solutions
Health Solutions,Retail solutions for everyday needs
Health Solutions,Environmental consultancy
Green Energy,Educational services and solutions
Eco Services,Logistics and transportation services
Edu World,Culinary experiences and catering
Foodies,Healthcare services provider
Eco Services,Healthcare services provider
Edu World,Financial planning and services
Green Energy,Culinary experiences and catering
Edu World,Logistics and transportation services
Tech Innovations,Environmental consultancy
Tech Innovations,Logistics and transportation services
Health Solutions,Environmental consultancy
Edu World,Retail solutions for everyday needs
Edu World,Financial planning and services
Foodies,Retail solutions for everyday needs
Health Solutions,International trading solutions
Eco Services,Renewable energy solutions
Finance Group,Environmental consultancy
Health Solutions,Environmental consultancy
Eco Services,Financial planning and services
Foodies,International trading solutions
Foodies,Healthcare services provider
Eco Services,Healthcare services provider
Logi Transport,Leading technology advancements
Edu World,Educational services and solutions
Foodies,Environmental consultancy
Eco Services,Healthcare services provider
Global Trade,Environmental consultancy
Finance Group,Logistics and transportation services
Green Energy,Logistics and transportation services
Finance Group,Environmental consultancy
Global Trade,Educational services and solutions
Edu World,Educational services and solutions
Edu World,Retail solutions for everyday needs
Edu World,Renewable energy solutions
Finance Group,Retail solutions for everyday needs
Green Energy,Culinary experiences and catering
Global Trade,International trading solutions
Foodies,Logistics and transportation services
Edu World,Environmental consultancy
Edu World,Renewable energy solutions
Green Energy,Renewable energy solutions
Eco Services,Renewable energy solutions
Health Solutions,Retail solutions for everyday needs
Finance Group,Environmental consultancy
Health Solutions,Financial planning and services
Foodies,Retail solutions for everyday needs
Eco Services,Retail solutions for everyday needs
Eco Services,Logistics and transportation services
Eco Services,Culinary experiences and catering
Global Trade,Financial planning and services
Logi Transport,Logistics and transportation services
Tech Innovations,Educational services and solutions
Logi Transport,Leading technology advancements
Green Energy,Leading technology advancements
Logi Transport,International trading solutions
Tech Innovations,Renewable energy solutions
Health Solutions,International trading solutions
Global Trade,Culinary experiences and catering
Global Trade,International trading solutions
Finance Group,Renewable energy solutions
Finance Group,Culinary experiences and catering
Finance Group,Leading technology advancements
Eco Services,International trading solutions
Finance Group,International trading solutions
Edu World,Environmental consultancy
Tech Innovations,Healthcare services provider
Edu World,Logistics and transportation services
Retail Hub,Culinary experiences and catering
Green Energy,Educational services and solutions
Finance Group,Environmental consultancy
Green Energy,Retail solutions for everyday needs
Retail Hub,Logistics and transportation services
Finance Group,International trading solutions
Tech Innovations,Leading technology advancements
Finance Group,Renewable energy solutions
Logi Transport,Environmental consultancy
Eco Services,Logistics and transportation services
Edu World,Healthcare services provider
Health Solutions,Educational services and solutions
Green Energy,Leading technology advancements
Retail Hub,Leading technology advancements
Green Energy,Culinary experiences and catering
Health Solutions,Logistics and transportation services
Finance Group,Retail solutions for everyday needs
Edu World,Environmental consultancy
Logi Transport,Leading technology advancements
Green Energy,Leading technology advancements
Eco Services,International trading solutions
Health Solutions,Retail solutions for everyday needs
Edu World,Retail solutions for everyday needs
Finance Group,Logistics and transportation services
Health Solutions,International trading solutions
Global Trade,Renewable energy solutions
Logi Transport,Healthcare services provider
Edu World,Logistics and transportation services
Global Trade,Retail solutions for everyday needs
Retail Hub,Logistics and transportation services
Retail Hub,Environmental consultancy
Logi Transport,Leading technology advancements
Tech Innovations,Retail solutions for everyday needs
Health Solutions,Healthcare services provider
Health Solutions,Retail solutions for everyday needs
Foodies,Financial planning and services
Finance Group,Financial planning and services
Retail Hub,Renewable energy solutions
Eco Services,Financial planning and services
Retail Hub,Financial planning and services
Logi Transport,Environmental consultancy
Foodies,Renewable energy solutions
Finance Group,Logistics and transportation services
Green Energy,Logistics and transportation services
Foodies,Healthcare services provider
Health Solutions,Retail solutions for everyday needs
Eco Services,Educational services and solutions
Eco Services,Logistics and transportation services
Eco Services,Culinary experiences and catering
Green Energy,Healthcare services provider
Global Trade,Financial planning and services
Global Trade,Logistics and transportation services
Global Trade,Culinary experiences and catering
Retail Hub,Leading technology advancements
Tech Innovations,Logistics and transportation services
Green Energy,Educational services and solutions
Eco Services,International trading solutions
Health Solutions,Educational services and solutions
Retail Hub,Healthcare services provider
Logi Transport,Financial planning and services
Tech Innovations,Financial planning and services
Tech Innovations,Healthcare services provider
Health Solutions,Environmental consultancy
Edu World,Educational services and solutions
Health Solutions,Healthcare services provider
Global Trade,Renewable energy solutions
Health Solutions,Environmental consultancy
Foodies,Retail solutions for everyday needs
Green Energy,Educational services and solutions
Finance Group,Leading technology advancements
Global Trade,Financial planning and services
Foodies,Renewable energy solutions
Tech Innovations,Financial planning and services
Retail Hub,Leading technology advancements
Global Trade,Leading technology advancements
Health Solutions,Financial planning and services
Logi Transport,Retail solutions for everyday needs
Green Energy,Environmental consultancy
Foodies,Culinary experiences and catering
Tech Innovations,Environmental consultancy
Logi Transport,Healthcare services provider
Global Trade,International trading solutions
Health Solutions,Environmental consultancy
Foodies,Healthcare services provider
Green Energy,Educational services and solutions
Tech Innovations,Logistics and transportation services
Eco Services,Environmental consultancy
Foodies,Financial planning and services
Health Solutions,Renewable energy solutions
Tech Innovations,Renewable energy solutions
Health Solutions,Healthcare services provider
Global Trade,Leading technology advancements
Finance Group,Environmental consultancy
Finance Group,Culinary experiences and catering
Global Trade,Logistics and transportation services
Global Trade,Retail solutions for everyday needs
Retail Hub,Environmental consultancy
Global Trade,International trading solutions
Tech Innovations,Environmental consultancy
Logi Transport,Financial planning and services
Logi Transport,Educational services and solutions
Edu World,Environmental consultancy
Foodies,Healthcare services provider
Logi Transport,Renewable energy solutions
Edu World,Culinary experiences and catering
Logi Transport,Leading technology advancements
Edu World,Financial planning and services
Finance Group,Environmental consultancy
Tech Innovations,Renewable energy solutions
Logi Transport,Healthcare services provider
Global Trade,Culinary experiences and catering
Health Solutions,Educational services and solutions
Edu World,Financial planning and services
Retail Hub,Culinary experiences and catering
Logi Transport,Educational services and solutions
Global Trade,Leading technology advancements
Eco Services,Retail solutions for everyday needs
Eco Services,Logistics and transportation services
Global Trade,Logistics and transportation services
Tech Innovations,Financial planning and services
Finance Group,Educational services and solutions
Global Trade,Retail solutions for everyday needs
Retail Hub,Educational services and solutions
Logi Transport,Retail solutions for everyday needs
Retail Hub,Financial planning and services
Green Energy,Renewable energy solutions
Health Solutions,Educational services and solutions
Edu World,Educational services and solutions
Retail Hub,Healthcare services provider
Retail Hub,Retail solutions for everyday needs
Tech Innovations,Renewable energy solutions
Logi Transport,Leading technology advancements
Foodies,Financial planning and services
Green Energy,Leading technology advancements
Finance Group,Financial planning and services
Edu World,Logistics and transportation services
Global Trade,International trading solutions
Retail Hub,Educational services and solutions
Eco Services,Leading technology advancements
Edu World,Leading technology advancements
Global Trade,Renewable energy solutions
Tech Innovations,Renewable energy solutions
Logi Transport,Logistics and transportation services
Retail Hub,Educational services and solutions
Edu World,Retail solutions for everyday needs
Health Solutions,Environmental consultancy
Tech Innovations,Renewable energy solutions
Foodies,Retail solutions for everyday needs
Edu World,Healthcare services provider
Health Solutions,Logistics and transportation services
Global Trade,Educational services and solutions
Logi Transport,Logistics and transportation services
Tech Innovations,Leading technology advancements
Tech Innovations,Educational services and solutions
Finance Group,Renewable energy solutions
Green Energy,International trading solutions
Global Trade,Environmental consultancy
Eco Services,Leading technology advancements
Logi Transport,Culinary experiences and catering
Finance Group,Logistics and transportation services
Logi Transport,Retail solutions for everyday needs
Edu World,Retail solutions for everyday needs
Logi Transport,Environmental consultancy
Logi Transport,Financial planning and services
Green Energy,Healthcare services provider
Retail Hub,Leading technology advancements
Edu World,Retail solutions for everyday needs
Health Solutions,Retail solutions for everyday needs
Foodies,Environmental consultancy
Finance Group,Retail solutions for everyday needs
Tech Innovations,Retail solutions for everyday needs
Finance Group,Leading technology advancements
Global Trade,Financial planning and services
Finance Group,Culinary experiences and catering
Edu World,Retail solutions for everyday needs
Finance Group,Healthcare services provider
Foodies,Educational services and solutions
Tech Innovations,Educational services and solutions
Finance Group,Renewable energy solutions
Finance Group,Retail solutions for everyday needs
Tech Innovations,Leading technology advancements
